-- phpMyAdmin SQL Dump
-- version 3.4.10.1
-- http://www.phpmyadmin.net
--
-- Host: localhost
-- Generation Time: Mar 13, 2012 at 11:56 PM
-- Server version: 5.5.20
-- PHP Version: 5.3.10

SET SQL_MODE="NO_AUTO_VALUE_ON_ZERO";
SET time_zone = "+00:00";


/*!40101 SET @OLD_CHARACTER_SET_CLIENT=@@CHARACTER_SET_CLIENT */;
/*!40101 SET @OLD_CHARACTER_SET_RESULTS=@@CHARACTER_SET_RESULTS */;
/*!40101 SET @OLD_COLLATION_CONNECTION=@@COLLATION_CONNECTION */;
/*!40101 SET NAMES utf8 */;

--
-- Database: `sherlock`
--

-- --------------------------------------------------------

--
-- Stand-in structure for view `client_record_v`
--
CREATE TABLE IF NOT EXISTS `client_record_v` (
`client_id` int(11)
,`record_id` int(11)
);
-- --------------------------------------------------------

--
-- Table structure for table `client_session`
--

CREATE TABLE IF NOT EXISTS `client_session` (
  `client_id` int(11) NOT NULL,
  `session_id` int(11) NOT NULL
) ENGINE=InnoDB DEFAULT CHARSET=latin1;

--
-- Dumping data for table `client_session`
--

INSERT INTO `client_session` (`client_id`, `session_id`) VALUES
(1, 1),
(1, 2),
(1, 3),
(1, 4),
(1, 5),
(1, 6),
(1, 7),
(1, 8),
(1, 9),
(1, 10),
(1, 11),
(1, 12),
(1, 13),
(1, 14),
(1, 15),
(1, 16),
(1, 17),
(1, 18),
(1, 19),
(1, 20),
(1, 21),
(1, 22),
(1, 23),
(1, 24),
(1, 25),
(1, 26),
(1, 27),
(1, 28),
(1, 29),
(1, 30),
(1, 31),
(1, 32),
(1, 33),
(1, 34),
(1, 35),
(1, 36),
(1, 37),
(1, 38),
(1, 39),
(1, 40);

-- --------------------------------------------------------

--
-- Stand-in structure for view `client_session_t`
--
CREATE TABLE IF NOT EXISTS `client_session_t` (
`client_id` int(11)
,`session_id` int(11)
);
-- --------------------------------------------------------

--
-- Table structure for table `client_variable`
--

CREATE TABLE IF NOT EXISTS `client_variable` (
  `client_id` int(11) NOT NULL,
  `var_name` char(32) NOT NULL,
  `var_value` varchar(255) NOT NULL,
  UNIQUE KEY `client_id` (`client_id`,`var_name`)
) ENGINE=InnoDB DEFAULT CHARSET=latin1;

--
-- Dumping data for table `client_variable`
--

INSERT INTO `client_variable` (`client_id`, `var_name`, `var_value`) VALUES
(1, 'favorite_color', '#c1cdf0'),
(1, 'name', 'ilya');

-- --------------------------------------------------------

--
-- Table structure for table `fp_client`
--

CREATE TABLE IF NOT EXISTS `fp_client` (
  `client_id` int(11) NOT NULL AUTO_INCREMENT,
  PRIMARY KEY (`client_id`)
) ENGINE=InnoDB  DEFAULT CHARSET=latin1 AUTO_INCREMENT=2 ;

--
-- Dumping data for table `fp_client`
--

INSERT INTO `fp_client` (`client_id`) VALUES
(1);

-- --------------------------------------------------------

--
-- Table structure for table `fp_record`
--

CREATE TABLE IF NOT EXISTS `fp_record` (
  `record_id` int(11) NOT NULL AUTO_INCREMENT,
  `field_id` int(11) NOT NULL,
  `field_value` varchar(255) NOT NULL,
  PRIMARY KEY (`record_id`),
  UNIQUE KEY `field_id` (`field_id`,`field_value`)
) ENGINE=InnoDB  DEFAULT CHARSET=latin1 AUTO_INCREMENT=39 ;

--
-- Dumping data for table `fp_record`
--

INSERT INTO `fp_record` (`record_id`, `field_id`, `field_value`) VALUES
(1, 1, 'Mozilla/5.0 (Windows NT 6.1; WOW64; rv:10.0.2) Gecko/20100101 Firefox/10.0.2'),
(2, 2, '8ea3cb7c35062fff38802d04b17be840'),
(3, 3, '127.0.0.1'),
(4, 4, 'en-us,en;q=0.5'),
(5, 5, '127.0.0'),
(6, 6, 'Win7-win64'),
(36, 7, '1170'),
(37, 8, '1170'),
(38, 11, '06ed5459c8c3c4929c5334f4779e6bf7'),
(32, 11, '12c4becb7385468e5ab34c18bbc98d2b'),
(29, 11, '2ce0002584e5584cb032d1f1b2e530c6'),
(12, 11, '308a7c809d9b67d3838ee71f387cc263'),
(15, 11, '31bd2632de99300d0e0871f2c5042723'),
(21, 11, '38a0bcaab33fc6dd15d293840fed100e'),
(10, 11, '3ea52947a41abe8c00bfead5981b7eaa'),
(19, 11, '527f512e27e37341b7285db75c81bd85'),
(31, 11, '59e5db14adf6e0f02ebd5e074a198cbe'),
(20, 11, '5f8feca01f3b5f44fe41f49782b2705d'),
(34, 11, '5fea76e1a719cacd3cdf09b53e8d8df7'),
(16, 11, '60ec868ae417354b0bf6218f879df8d3'),
(23, 11, '658c9240a90c50897e07c3931505a43b'),
(18, 11, '7529e85b26f039f98b86a7d622b38725'),
(28, 11, '7bed23cce7888bd12d0713e633a0df5b'),
(7, 11, '7f3bcc7423ab2112de97f852dfc401b6'),
(14, 11, '7ffa4516d226fc9e0b3f959686cf10b6'),
(30, 11, '835858a02387a7ea09e2840641e68a3e'),
(9, 11, '88ff169d293c5224c2fec8317f538dab'),
(13, 11, '95353f153dc57001ae85700ec4dd8fc3'),
(33, 11, 'a6132f93df3e6da74b67d8d0a37a58a4'),
(22, 11, 'ba6d5f8b96a8141036cb0ed0e5fc3c8c'),
(27, 11, 'c1473e37bd2fd7262ffe5e61c919e093'),
(24, 11, 'c9c53cecd78b0dcc049653637c42d2cf'),
(25, 11, 'd1522fc652c1e3fb9e5bfb6f7e7bbdde'),
(11, 11, 'd7eb3c7828561eef8943b493ca4f3091'),
(17, 11, 'e020dc6d16296125705db09aec39b3a7'),
(26, 11, 'e61d03a398bd130689fd91ed7201073f'),
(8, 11, 'f04709c8fe9f3580c3bb2c863072ed5e'),
(35, 11, 'f7e8369a6a8e905627aeac5607c1334b');

-- --------------------------------------------------------

--
-- Table structure for table `fp_session`
--

CREATE TABLE IF NOT EXISTS `fp_session` (
  `session_id` int(11) NOT NULL AUTO_INCREMENT,
  PRIMARY KEY (`session_id`)
) ENGINE=InnoDB  DEFAULT CHARSET=latin1 AUTO_INCREMENT=41 ;

--
-- Dumping data for table `fp_session`
--

INSERT INTO `fp_session` (`session_id`) VALUES
(1),
(2),
(3),
(4),
(5),
(6),
(7),
(8),
(9),
(10),
(11),
(12),
(13),
(14),
(15),
(16),
(17),
(18),
(19),
(20),
(21),
(22),
(23),
(24),
(25),
(26),
(27),
(28),
(29),
(30),
(31),
(32),
(33),
(34),
(35),
(36),
(37),
(38),
(39),
(40);

-- --------------------------------------------------------

--
-- Stand-in structure for view `record_client_count_v`
--
CREATE TABLE IF NOT EXISTS `record_client_count_v` (
`record_id` int(11)
,`client_count` bigint(21)
);
-- --------------------------------------------------------

--
-- Table structure for table `session_record`
--

CREATE TABLE IF NOT EXISTS `session_record` (
  `session_id` int(11) NOT NULL,
  `record_id` int(11) NOT NULL,
  `record_timestamp` datetime NOT NULL,
  PRIMARY KEY (`session_id`,`record_id`)
) ENGINE=InnoDB DEFAULT CHARSET=latin1;

--
-- Dumping data for table `session_record`
--

INSERT INTO `session_record` (`session_id`, `record_id`, `record_timestamp`) VALUES
(1, 1, '2012-03-13 19:15:56'),
(1, 2, '2012-03-13 19:15:57'),
(1, 3, '2012-03-13 19:15:57'),
(1, 4, '2012-03-13 19:15:57'),
(1, 5, '2012-03-13 19:15:57'),
(1, 6, '2012-03-13 19:15:57'),
(1, 7, '2012-03-13 19:15:58'),
(2, 1, '2012-03-13 19:24:12'),
(2, 2, '2012-03-13 19:24:12'),
(2, 3, '2012-03-13 19:24:12'),
(2, 4, '2012-03-13 19:24:12'),
(2, 5, '2012-03-13 19:24:12'),
(2, 6, '2012-03-13 19:24:13'),
(2, 8, '2012-03-13 19:24:13'),
(3, 1, '2012-03-13 19:26:19'),
(3, 2, '2012-03-13 19:26:19'),
(3, 3, '2012-03-13 19:26:19'),
(3, 4, '2012-03-13 19:26:19'),
(3, 5, '2012-03-13 19:26:19'),
(3, 6, '2012-03-13 19:26:19'),
(3, 9, '2012-03-13 19:26:19'),
(4, 1, '2012-03-13 19:26:48'),
(4, 2, '2012-03-13 19:26:48'),
(4, 3, '2012-03-13 19:26:48'),
(4, 4, '2012-03-13 19:26:48'),
(4, 5, '2012-03-13 19:26:48'),
(4, 6, '2012-03-13 19:26:48'),
(4, 10, '2012-03-13 19:26:48'),
(5, 1, '2012-03-13 19:28:50'),
(5, 2, '2012-03-13 19:28:50'),
(5, 3, '2012-03-13 19:28:50'),
(5, 4, '2012-03-13 19:28:50'),
(5, 5, '2012-03-13 19:28:50'),
(5, 6, '2012-03-13 19:28:50'),
(5, 11, '2012-03-13 19:28:50'),
(6, 1, '2012-03-13 19:29:03'),
(6, 2, '2012-03-13 19:29:03'),
(6, 3, '2012-03-13 19:29:03'),
(6, 4, '2012-03-13 19:29:03'),
(6, 5, '2012-03-13 19:29:03'),
(6, 6, '2012-03-13 19:29:03'),
(6, 12, '2012-03-13 19:29:03'),
(7, 1, '2012-03-13 19:29:14'),
(7, 2, '2012-03-13 19:29:14'),
(7, 3, '2012-03-13 19:29:14'),
(7, 4, '2012-03-13 19:29:14'),
(7, 5, '2012-03-13 19:29:14'),
(7, 6, '2012-03-13 19:29:14'),
(7, 13, '2012-03-13 19:29:14'),
(8, 1, '2012-03-13 19:29:54'),
(8, 2, '2012-03-13 19:29:54'),
(8, 3, '2012-03-13 19:29:54'),
(8, 4, '2012-03-13 19:29:54'),
(8, 5, '2012-03-13 19:29:54'),
(8, 6, '2012-03-13 19:29:54'),
(9, 1, '2012-03-13 19:32:09'),
(9, 2, '2012-03-13 19:32:09'),
(9, 3, '2012-03-13 19:32:09'),
(9, 4, '2012-03-13 19:32:09'),
(9, 5, '2012-03-13 19:32:09'),
(9, 6, '2012-03-13 19:32:09'),
(10, 1, '2012-03-13 19:32:13'),
(10, 2, '2012-03-13 19:32:13'),
(10, 3, '2012-03-13 19:32:13'),
(10, 4, '2012-03-13 19:32:13'),
(10, 5, '2012-03-13 19:32:14'),
(10, 6, '2012-03-13 19:32:14'),
(10, 14, '2012-03-13 19:32:14'),
(11, 1, '2012-03-13 19:33:32'),
(11, 2, '2012-03-13 19:33:32'),
(11, 3, '2012-03-13 19:33:32'),
(11, 4, '2012-03-13 19:33:32'),
(11, 5, '2012-03-13 19:33:32'),
(11, 6, '2012-03-13 19:33:33'),
(11, 15, '2012-03-13 19:33:33'),
(12, 1, '2012-03-13 19:33:34'),
(12, 2, '2012-03-13 19:33:34'),
(12, 3, '2012-03-13 19:33:34'),
(12, 4, '2012-03-13 19:33:34'),
(12, 5, '2012-03-13 19:33:34'),
(12, 6, '2012-03-13 19:33:34'),
(13, 1, '2012-03-13 19:37:31'),
(13, 2, '2012-03-13 19:37:31'),
(13, 3, '2012-03-13 19:37:31'),
(13, 4, '2012-03-13 19:37:32'),
(13, 5, '2012-03-13 19:37:32'),
(13, 6, '2012-03-13 19:37:32'),
(14, 1, '2012-03-13 19:37:35'),
(14, 2, '2012-03-13 19:37:35'),
(14, 3, '2012-03-13 19:37:35'),
(14, 4, '2012-03-13 19:37:35'),
(14, 5, '2012-03-13 19:37:35'),
(14, 6, '2012-03-13 19:37:35'),
(15, 1, '2012-03-13 19:38:19'),
(15, 2, '2012-03-13 19:38:19'),
(15, 3, '2012-03-13 19:38:19'),
(15, 4, '2012-03-13 19:38:19'),
(15, 5, '2012-03-13 19:38:19'),
(15, 6, '2012-03-13 19:38:19'),
(15, 16, '2012-03-13 19:38:20'),
(16, 1, '2012-03-13 19:38:28'),
(16, 2, '2012-03-13 19:38:28'),
(16, 3, '2012-03-13 19:38:28'),
(16, 4, '2012-03-13 19:38:28'),
(16, 5, '2012-03-13 19:38:29'),
(16, 6, '2012-03-13 19:38:29'),
(16, 17, '2012-03-13 19:38:29'),
(17, 1, '2012-03-13 19:38:49'),
(17, 2, '2012-03-13 19:38:49'),
(17, 3, '2012-03-13 19:38:49'),
(17, 4, '2012-03-13 19:38:49'),
(17, 5, '2012-03-13 19:38:49'),
(17, 6, '2012-03-13 19:38:49'),
(17, 18, '2012-03-13 19:38:49'),
(18, 1, '2012-03-13 19:39:30'),
(18, 2, '2012-03-13 19:39:30'),
(18, 3, '2012-03-13 19:39:30'),
(18, 4, '2012-03-13 19:39:30'),
(18, 5, '2012-03-13 19:39:30'),
(18, 6, '2012-03-13 19:39:30'),
(18, 19, '2012-03-13 19:39:31'),
(19, 1, '2012-03-13 19:39:38'),
(19, 2, '2012-03-13 19:39:38'),
(19, 3, '2012-03-13 19:39:38'),
(19, 4, '2012-03-13 19:39:38'),
(19, 5, '2012-03-13 19:39:39'),
(19, 6, '2012-03-13 19:39:39'),
(19, 20, '2012-03-13 19:39:39'),
(20, 1, '2012-03-13 19:39:46'),
(20, 2, '2012-03-13 19:39:46'),
(20, 3, '2012-03-13 19:39:46'),
(20, 4, '2012-03-13 19:39:46'),
(20, 5, '2012-03-13 19:39:46'),
(20, 6, '2012-03-13 19:39:47'),
(20, 21, '2012-03-13 19:39:47'),
(21, 1, '2012-03-13 19:40:13'),
(21, 2, '2012-03-13 19:40:13'),
(21, 3, '2012-03-13 19:40:13'),
(21, 4, '2012-03-13 19:40:13'),
(21, 5, '2012-03-13 19:40:14'),
(21, 6, '2012-03-13 19:40:14'),
(21, 22, '2012-03-13 19:40:14'),
(22, 1, '2012-03-13 19:41:03'),
(22, 2, '2012-03-13 19:41:03'),
(22, 3, '2012-03-13 19:41:03'),
(22, 4, '2012-03-13 19:41:03'),
(22, 5, '2012-03-13 19:41:04'),
(22, 6, '2012-03-13 19:41:04'),
(22, 23, '2012-03-13 19:41:04'),
(23, 1, '2012-03-13 19:41:33'),
(23, 2, '2012-03-13 19:41:33'),
(23, 3, '2012-03-13 19:41:33'),
(23, 4, '2012-03-13 19:41:33'),
(23, 5, '2012-03-13 19:41:34'),
(23, 6, '2012-03-13 19:41:34'),
(23, 24, '2012-03-13 19:41:34'),
(24, 1, '2012-03-13 19:42:12'),
(24, 2, '2012-03-13 19:42:12'),
(24, 3, '2012-03-13 19:42:12'),
(24, 4, '2012-03-13 19:42:12'),
(24, 5, '2012-03-13 19:42:12'),
(24, 6, '2012-03-13 19:42:12'),
(24, 25, '2012-03-13 19:42:13'),
(25, 1, '2012-03-13 19:42:29'),
(25, 2, '2012-03-13 19:42:29'),
(25, 3, '2012-03-13 19:42:29'),
(25, 4, '2012-03-13 19:42:29'),
(25, 5, '2012-03-13 19:42:29'),
(25, 6, '2012-03-13 19:42:29'),
(25, 26, '2012-03-13 19:42:29'),
(26, 1, '2012-03-13 19:42:33'),
(26, 2, '2012-03-13 19:42:33'),
(26, 3, '2012-03-13 19:42:33'),
(26, 4, '2012-03-13 19:42:33'),
(26, 5, '2012-03-13 19:42:34'),
(26, 6, '2012-03-13 19:42:34'),
(26, 27, '2012-03-13 19:42:34'),
(27, 1, '2012-03-13 19:42:41'),
(27, 2, '2012-03-13 19:42:41'),
(27, 3, '2012-03-13 19:42:41'),
(27, 4, '2012-03-13 19:42:41'),
(27, 5, '2012-03-13 19:42:41'),
(27, 6, '2012-03-13 19:42:41'),
(27, 28, '2012-03-13 19:42:41'),
(28, 1, '2012-03-13 19:42:52'),
(28, 2, '2012-03-13 19:42:52'),
(28, 3, '2012-03-13 19:42:52'),
(28, 4, '2012-03-13 19:42:52'),
(28, 5, '2012-03-13 19:42:52'),
(28, 6, '2012-03-13 19:42:53'),
(28, 29, '2012-03-13 19:42:53'),
(29, 1, '2012-03-13 19:43:01'),
(29, 2, '2012-03-13 19:43:02'),
(29, 3, '2012-03-13 19:43:02'),
(29, 4, '2012-03-13 19:43:02'),
(29, 5, '2012-03-13 19:43:02'),
(29, 6, '2012-03-13 19:43:02'),
(29, 30, '2012-03-13 19:43:02'),
(30, 1, '2012-03-13 19:43:11'),
(30, 2, '2012-03-13 19:43:11'),
(30, 3, '2012-03-13 19:43:12'),
(30, 4, '2012-03-13 19:43:12'),
(30, 5, '2012-03-13 19:43:12'),
(30, 6, '2012-03-13 19:43:12'),
(30, 31, '2012-03-13 19:43:12'),
(31, 1, '2012-03-13 19:45:34'),
(31, 2, '2012-03-13 19:45:34'),
(31, 3, '2012-03-13 19:45:35'),
(31, 4, '2012-03-13 19:45:35'),
(31, 5, '2012-03-13 19:45:35'),
(31, 6, '2012-03-13 19:45:35'),
(31, 32, '2012-03-13 19:45:35'),
(32, 1, '2012-03-13 19:45:45'),
(32, 2, '2012-03-13 19:45:45'),
(32, 3, '2012-03-13 19:45:45'),
(32, 4, '2012-03-13 19:45:45'),
(32, 5, '2012-03-13 19:45:46'),
(32, 6, '2012-03-13 19:45:46'),
(32, 33, '2012-03-13 19:45:46'),
(33, 1, '2012-03-13 19:45:54'),
(33, 2, '2012-03-13 19:45:54'),
(33, 3, '2012-03-13 19:45:54'),
(33, 4, '2012-03-13 19:45:54'),
(33, 5, '2012-03-13 19:45:54'),
(33, 6, '2012-03-13 19:45:54'),
(34, 1, '2012-03-13 19:46:22'),
(34, 2, '2012-03-13 19:46:22'),
(34, 3, '2012-03-13 19:46:22'),
(34, 4, '2012-03-13 19:46:23'),
(34, 5, '2012-03-13 19:46:23'),
(34, 6, '2012-03-13 19:46:23'),
(34, 34, '2012-03-13 19:46:23'),
(35, 1, '2012-03-13 19:46:26'),
(35, 2, '2012-03-13 19:46:26'),
(35, 3, '2012-03-13 19:46:26'),
(35, 4, '2012-03-13 19:46:26'),
(35, 5, '2012-03-13 19:46:26'),
(35, 6, '2012-03-13 19:46:26'),
(36, 1, '2012-03-13 19:50:07'),
(36, 2, '2012-03-13 19:50:07'),
(36, 3, '2012-03-13 19:50:07'),
(36, 4, '2012-03-13 19:50:07'),
(36, 5, '2012-03-13 19:50:07'),
(36, 6, '2012-03-13 19:50:07'),
(36, 35, '2012-03-13 19:50:07'),
(37, 1, '2012-03-13 19:50:14'),
(37, 2, '2012-03-13 19:50:14'),
(37, 3, '2012-03-13 19:50:14'),
(37, 4, '2012-03-13 19:50:14'),
(37, 5, '2012-03-13 19:50:14'),
(37, 6, '2012-03-13 19:50:14'),
(37, 36, '2012-03-13 19:50:15'),
(38, 1, '2012-03-13 19:51:19'),
(38, 2, '2012-03-13 19:51:20'),
(38, 3, '2012-03-13 19:51:20'),
(38, 4, '2012-03-13 19:51:20'),
(38, 5, '2012-03-13 19:51:20'),
(38, 6, '2012-03-13 19:51:20'),
(38, 36, '2012-03-13 19:51:20'),
(39, 1, '2012-03-13 19:51:35'),
(39, 2, '2012-03-13 19:51:35'),
(39, 3, '2012-03-13 19:51:35'),
(39, 4, '2012-03-13 19:51:35'),
(39, 5, '2012-03-13 19:51:35'),
(39, 6, '2012-03-13 19:51:36'),
(39, 36, '2012-03-13 19:51:36'),
(39, 37, '2012-03-13 19:51:36'),
(40, 1, '2012-03-13 19:51:38'),
(40, 2, '2012-03-13 19:51:38'),
(40, 3, '2012-03-13 19:51:38'),
(40, 4, '2012-03-13 19:51:38'),
(40, 5, '2012-03-13 19:51:38'),
(40, 6, '2012-03-13 19:51:38'),
(40, 38, '2012-03-13 19:51:39');

-- --------------------------------------------------------

--
-- Table structure for table `sherlock_config`
--

CREATE TABLE IF NOT EXISTS `sherlock_config` (
  `name` varchar(32) NOT NULL,
  `value` varchar(255) NOT NULL,
  UNIQUE KEY `name` (`name`)
) ENGINE=InnoDB DEFAULT CHARSET=latin1;

--
-- Dumping data for table `sherlock_config`
--

INSERT INTO `sherlock_config` (`name`, `value`) VALUES
('db_version', '3');

-- --------------------------------------------------------

--
-- Structure for view `client_record_v`
--
DROP TABLE IF EXISTS `client_record_v`;

CREATE ALGORITHM=UNDEFINED DEFINER=`root`@`localhost` SQL SECURITY DEFINER VIEW `client_record_v` AS select distinct `fp_client`.`client_id` AS `client_id`,`fp_record`.`record_id` AS `record_id` from ((((`fp_client` join `client_session`) join `fp_session`) join `session_record`) join `fp_record`) where ((1 = 1) and (`fp_client`.`client_id` = `client_session`.`client_id`) and (`client_session`.`session_id` = `fp_session`.`session_id`) and (`fp_session`.`session_id` = `session_record`.`session_id`) and (`session_record`.`record_id` = `fp_record`.`record_id`));

-- --------------------------------------------------------

--
-- Structure for view `client_session_t`
--
DROP TABLE IF EXISTS `client_session_t`;

CREATE ALGORITHM=UNDEFINED DEFINER=`root`@`localhost` SQL SECURITY DEFINER VIEW `client_session_t` AS select `client_session`.`client_id` AS `client_id`,`client_session`.`session_id` AS `session_id` from `client_session` where 1;

-- --------------------------------------------------------

--
-- Structure for view `record_client_count_v`
--
DROP TABLE IF EXISTS `record_client_count_v`;

CREATE ALGORITHM=UNDEFINED DEFINER=`root`@`localhost` SQL SECURITY DEFINER VIEW `record_client_count_v` AS select `fp_record`.`record_id` AS `record_id`,count(distinct `fp_client`.`client_id`) AS `client_count` from ((((`fp_record` join `session_record`) join `fp_session`) join `client_session`) join `fp_client`) where ((`fp_record`.`record_id` = `session_record`.`record_id`) and (`session_record`.`session_id` = `fp_session`.`session_id`) and (`fp_session`.`session_id` = `client_session`.`session_id`) and (`client_session`.`client_id` = `fp_client`.`client_id`)) group by `fp_record`.`record_id`;

/*!40101 SET CHARACTER_SET_CLIENT=@OLD_CHARACTER_SET_CLIENT */;
/*!40101 SET CHARACTER_SET_RESULTS=@OLD_CHARACTER_SET_RESULTS */;
/*!40101 SET COLLATION_CONNECTION=@OLD_COLLATION_CONNECTION */;
